PRAGMA foreign_keys=OFF;
BEGIN TRANSACTION;
CREATE TABLE IF NOT EXISTS "Games" (
"gameID"INTEGER,
"gameName"varchar(32) NOT NULL UNIQUE,
"gameNickname"varchar(10) NOT NULL UNIQUE,
PRIMARY KEY("gameID")
);
INSERT INTO "Games" VALUES(1,'Coup','coup');
INSERT INTO "Games" VALUES(2,'Love Letter','LL');
INSERT INTO "Games" VALUES(3,'Sheriff of Nottingham','son');
INSERT INTO "Games" VALUES(4,'Secret Hitler','sh');
INSERT INTO "Games" VALUES(5,'King of Tokyo','kot');
INSERT INTO "Games" VALUES(6,'Ticket to Ride','ttr');
INSERT INTO "Games" VALUES(7,'Red Dragon Inn','rdi');
INSERT INTO "Games" VALUES(8,'Skull','skull');
INSERT INTO "Games" VALUES(9,'The Resistance','resist');
INSERT INTO "Games" VALUES(10,'7 Wonders Duel','7wd');
INSERT INTO "Games" VALUES(11,'Uno','uno');
INSERT INTO "Games" VALUES(12,'Munchkin','munch');
INSERT INTO "Games" VALUES(13,'One Night Ultimate Werewolf','onuw');
CREATE TABLE IF NOT EXISTS "WinTable" (
"userID"varchar(32) NOT NULL,
"gameID"int NOT NULL,
"wins"int DEFAULT 0 CHECK(wins>=0),
FOREIGN KEY("userID") REFERENCES "Users"("userID"),
FOREIGN KEY("gameID") REFERENCES "Games"("gameID"),
PRIMARY KEY("userID","gameID")
);
INSERT INTO "WinTable" VALUES('221312578817622027',2,0);
INSERT INTO "WinTable" VALUES('221312578817622027',1,0);
INSERT INTO "WinTable" VALUES('221312578817622027',3,0);
INSERT INTO "WinTable" VALUES('282551771006763019',2,1);
INSERT INTO "WinTable" VALUES('282551771006763019',1,1);
INSERT INTO "WinTable" VALUES('282551771006763019',3,0);
INSERT INTO "WinTable" VALUES('128754018536259585',2,0);
INSERT INTO "WinTable" VALUES('128754018536259585',1,3);
INSERT INTO "WinTable" VALUES('128754018536259585',3,0);
INSERT INTO "WinTable" VALUES('128754018536259585',4,1);
INSERT INTO "WinTable" VALUES('282551771006763019',4,1);
INSERT INTO "WinTable" VALUES('221312578817622027',4,0);
INSERT INTO "WinTable" VALUES('128754018536259585',5,0);
INSERT INTO "WinTable" VALUES('221312578817622027',5,0);
INSERT INTO "WinTable" VALUES('282551771006763019',5,0);
INSERT INTO "WinTable" VALUES('128754018536259585',6,0);
INSERT INTO "WinTable" VALUES('282551771006763019',6,0);
INSERT INTO "WinTable" VALUES('221312578817622027',6,0);
INSERT INTO "WinTable" VALUES('128754018536259585',7,0);
INSERT INTO "WinTable" VALUES('221312578817622027',7,0);
INSERT INTO "WinTable" VALUES('282551771006763019',7,0);
INSERT INTO "WinTable" VALUES('131998637940015104',2,0);
INSERT INTO "WinTable" VALUES('131998637940015104',1,1);
INSERT INTO "WinTable" VALUES('131998637940015104',3,0);
INSERT INTO "WinTable" VALUES('131998637940015104',6,0);
INSERT INTO "WinTable" VALUES('131998637940015104',4,1);
INSERT INTO "WinTable" VALUES('131998637940015104',5,0);
INSERT INTO "WinTable" VALUES('131998637940015104',7,1);
INSERT INTO "WinTable" VALUES('313786765125353473',2,0);
INSERT INTO "WinTable" VALUES('313786765125353473',1,0);
INSERT INTO "WinTable" VALUES('313786765125353473',4,1);
INSERT INTO "WinTable" VALUES('313786765125353473',3,0);
INSERT INTO "WinTable" VALUES('313786765125353473',6,0);
INSERT INTO "WinTable" VALUES('313786765125353473',5,1);
INSERT INTO "WinTable" VALUES('313786765125353473',7,0);
INSERT INTO "WinTable" VALUES('193912184697257984',2,0);
INSERT INTO "WinTable" VALUES('193912184697257984',7,0);
INSERT INTO "WinTable" VALUES('193912184697257984',4,0);
INSERT INTO "WinTable" VALUES('193912184697257984',3,0);
INSERT INTO "WinTable" VALUES('193912184697257984',5,0);
INSERT INTO "WinTable" VALUES('193912184697257984',1,0);
INSERT INTO "WinTable" VALUES('193912184697257984',6,0);
INSERT INTO "WinTable" VALUES('339028019505135616',2,0);
INSERT INTO "WinTable" VALUES('339028019505135616',1,0);
INSERT INTO "WinTable" VALUES('339028019505135616',3,0);
INSERT INTO "WinTable" VALUES('339028019505135616',6,0);
INSERT INTO "WinTable" VALUES('339028019505135616',4,0);
INSERT INTO "WinTable" VALUES('339028019505135616',5,0);
INSERT INTO "WinTable" VALUES('339028019505135616',7,0);
INSERT INTO "WinTable" VALUES('413174192343613440',2,1);
INSERT INTO "WinTable" VALUES('413174192343613440',7,0);
INSERT INTO "WinTable" VALUES('413174192343613440',3,0);
INSERT INTO "WinTable" VALUES('413174192343613440',6,0);
INSERT INTO "WinTable" VALUES('413174192343613440',4,0);
INSERT INTO "WinTable" VALUES('413174192343613440',5,1);
INSERT INTO "WinTable" VALUES('413174192343613440',1,0);
INSERT INTO "WinTable" VALUES('599761814947102720',2,0);
INSERT INTO "WinTable" VALUES('599761814947102720',4,1);
INSERT INTO "WinTable" VALUES('599761814947102720',3,0);
INSERT INTO "WinTable" VALUES('599761814947102720',6,0);
INSERT INTO "WinTable" VALUES('599761814947102720',1,0);
INSERT INTO "WinTable" VALUES('599761814947102720',5,0);
INSERT INTO "WinTable" VALUES('599761814947102720',7,1);
INSERT INTO "WinTable" VALUES('128754018536259585',8,0);
INSERT INTO "WinTable" VALUES('131998637940015104',8,0);
INSERT INTO "WinTable" VALUES('282551771006763019',8,0);
INSERT INTO "WinTable" VALUES('339028019505135616',8,0);
INSERT INTO "WinTable" VALUES('413174192343613440',8,0);
INSERT INTO "WinTable" VALUES('193912184697257984',8,0);
INSERT INTO "WinTable" VALUES('313786765125353473',8,0);
INSERT INTO "WinTable" VALUES('221312578817622027',8,0);
INSERT INTO "WinTable" VALUES('599761814947102720',8,0);
INSERT INTO "WinTable" VALUES('224234140176875521',2,0);
INSERT INTO "WinTable" VALUES('224234140176875521',1,0);
INSERT INTO "WinTable" VALUES('224234140176875521',5,0);
INSERT INTO "WinTable" VALUES('224234140176875521',8,1);
INSERT INTO "WinTable" VALUES('224234140176875521',3,0);
INSERT INTO "WinTable" VALUES('224234140176875521',6,0);
INSERT INTO "WinTable" VALUES('224234140176875521',7,0);
INSERT INTO "WinTable" VALUES('224234140176875521',4,0);
INSERT INTO "WinTable" VALUES('234676541135519744',2,1);
INSERT INTO "WinTable" VALUES('234676541135519744',7,0);
INSERT INTO "WinTable" VALUES('234676541135519744',8,0);
INSERT INTO "WinTable" VALUES('234676541135519744',3,0);
INSERT INTO "WinTable" VALUES('234676541135519744',6,0);
INSERT INTO "WinTable" VALUES('234676541135519744',4,0);
INSERT INTO "WinTable" VALUES('234676541135519744',5,0);
INSERT INTO "WinTable" VALUES('234676541135519744',1,0);
INSERT INTO "WinTable" VALUES('331927050879238144',2,0);
INSERT INTO "WinTable" VALUES('331927050879238144',7,0);
INSERT INTO "WinTable" VALUES('331927050879238144',5,0);
INSERT INTO "WinTable" VALUES('331927050879238144',3,0);
INSERT INTO "WinTable" VALUES('331927050879238144',6,0);
INSERT INTO "WinTable" VALUES('331927050879238144',4,1);
INSERT INTO "WinTable" VALUES('331927050879238144',8,0);
INSERT INTO "WinTable" VALUES('331927050879238144',1,2);
INSERT INTO "WinTable" VALUES('131998637940015104',9,0);
INSERT INTO "WinTable" VALUES('193912184697257984',9,0);
INSERT INTO "WinTable" VALUES('234676541135519744',9,0);
INSERT INTO "WinTable" VALUES('282551771006763019',9,2);
INSERT INTO "WinTable" VALUES('313786765125353473',9,0);
INSERT INTO "WinTable" VALUES('331927050879238144',9,0);
INSERT INTO "WinTable" VALUES('339028019505135616',9,0);
INSERT INTO "WinTable" VALUES('413174192343613440',9,0);
INSERT INTO "WinTable" VALUES('599761814947102720',9,0);
INSERT INTO "WinTable" VALUES('224234140176875521',9,2);
INSERT INTO "WinTable" VALUES('128754018536259585',9,1);
INSERT INTO "WinTable" VALUES('221312578817622027',9,0);
INSERT INTO "WinTable" VALUES('271280740703010827',2,0);
INSERT INTO "WinTable" VALUES('271280740703010827',7,0);
INSERT INTO "WinTable" VALUES('271280740703010827',5,0);
INSERT INTO "WinTable" VALUES('271280740703010827',1,0);
INSERT INTO "WinTable" VALUES('271280740703010827',3,0);
INSERT INTO "WinTable" VALUES('271280740703010827',6,0);
INSERT INTO "WinTable" VALUES('271280740703010827',4,0);
INSERT INTO "WinTable" VALUES('271280740703010827',8,0);
INSERT INTO "WinTable" VALUES('271280740703010827',9,1);
INSERT INTO "WinTable" VALUES('128754018536259585',10,0);
INSERT INTO "WinTable" VALUES('131998637940015104',10,1);
INSERT INTO "WinTable" VALUES('234676541135519744',10,0);
INSERT INTO "WinTable" VALUES('271280740703010827',10,0);
INSERT INTO "WinTable" VALUES('282551771006763019',10,0);
INSERT INTO "WinTable" VALUES('313786765125353473',10,0);
INSERT INTO "WinTable" VALUES('193912184697257984',10,0);
INSERT INTO "WinTable" VALUES('339028019505135616',10,0);
INSERT INTO "WinTable" VALUES('413174192343613440',10,0);
INSERT INTO "WinTable" VALUES('224234140176875521',10,0);
INSERT INTO "WinTable" VALUES('331927050879238144',10,0);
INSERT INTO "WinTable" VALUES('221312578817622027',10,0);
INSERT INTO "WinTable" VALUES('599761814947102720',10,0);
INSERT INTO "WinTable" VALUES('128754018536259585',11,0);
INSERT INTO "WinTable" VALUES('131998637940015104',11,0);
INSERT INTO "WinTable" VALUES('234676541135519744',11,1);
INSERT INTO "WinTable" VALUES('271280740703010827',11,0);
INSERT INTO "WinTable" VALUES('282551771006763019',11,1);
INSERT INTO "WinTable" VALUES('313786765125353473',11,0);
INSERT INTO "WinTable" VALUES('331927050879238144',11,0);
INSERT INTO "WinTable" VALUES('339028019505135616',11,0);
INSERT INTO "WinTable" VALUES('413174192343613440',11,0);
INSERT INTO "WinTable" VALUES('599761814947102720',11,0);
INSERT INTO "WinTable" VALUES('193912184697257984',11,0);
INSERT INTO "WinTable" VALUES('221312578817622027',11,0);
INSERT INTO "WinTable" VALUES('224234140176875521',11,0);
INSERT INTO "WinTable" VALUES('315634818886926338',10,0);
INSERT INTO "WinTable" VALUES('315634818886926338',2,0);
INSERT INTO "WinTable" VALUES('315634818886926338',7,0);
INSERT INTO "WinTable" VALUES('315634818886926338',4,1);
INSERT INTO "WinTable" VALUES('315634818886926338',8,0);
INSERT INTO "WinTable" VALUES('315634818886926338',3,0);
INSERT INTO "WinTable" VALUES('315634818886926338',9,0);
INSERT INTO "WinTable" VALUES('315634818886926338',11,0);
INSERT INTO "WinTable" VALUES('315634818886926338',1,0);
INSERT INTO "WinTable" VALUES('315634818886926338',6,0);
INSERT INTO "WinTable" VALUES('315634818886926338',5,0);
INSERT INTO "WinTable" VALUES('128754018536259585',12,1);
INSERT INTO "WinTable" VALUES('221312578817622027',12,0);
INSERT INTO "WinTable" VALUES('193912184697257984',12,0);
INSERT INTO "WinTable" VALUES('271280740703010827',12,0);
INSERT INTO "WinTable" VALUES('282551771006763019',12,0);
INSERT INTO "WinTable" VALUES('313786765125353473',12,0);
INSERT INTO "WinTable" VALUES('315634818886926338',12,0);
INSERT INTO "WinTable" VALUES('331927050879238144',12,0);
INSERT INTO "WinTable" VALUES('339028019505135616',12,0);
INSERT INTO "WinTable" VALUES('413174192343613440',12,0);
INSERT INTO "WinTable" VALUES('599761814947102720',12,0);
INSERT INTO "WinTable" VALUES('131998637940015104',12,0);
INSERT INTO "WinTable" VALUES('224234140176875521',12,0);
INSERT INTO "WinTable" VALUES('234676541135519744',12,0);
INSERT INTO "WinTable" VALUES('128754018536259585',13,2);
INSERT INTO "WinTable" VALUES('221312578817622027',13,0);
INSERT INTO "WinTable" VALUES('193912184697257984',13,2);
INSERT INTO "WinTable" VALUES('271280740703010827',13,0);
INSERT INTO "WinTable" VALUES('282551771006763019',13,1);
INSERT INTO "WinTable" VALUES('313786765125353473',13,3);
INSERT INTO "WinTable" VALUES('315634818886926338',13,0);
INSERT INTO "WinTable" VALUES('331927050879238144',13,1);
INSERT INTO "WinTable" VALUES('339028019505135616',13,0);
INSERT INTO "WinTable" VALUES('413174192343613440',13,3);
INSERT INTO "WinTable" VALUES('599761814947102720',13,0);
INSERT INTO "WinTable" VALUES('131998637940015104',13,1);
INSERT INTO "WinTable" VALUES('224234140176875521',13,0);
INSERT INTO "WinTable" VALUES('234676541135519744',13,0);
CREATE TABLE IF NOT EXISTS "Users" (
	"userID"	varchar(32) NOT NULL UNIQUE,
	"totalWins"	INTEGER DEFAULT 0 CHECK(totalWins>=0),
	"weeklyWins"	INTEGER DEFAULT 0 CHECK(weeklyWins>=0),
	"monthlyWins"	INTEGER DEFAULT 0 CHECK(monthlyWins >= 0)
);
INSERT INTO "Users" VALUES('221312578817622027',0,0,0);
INSERT INTO "Users" VALUES('282551771006763019',7,0,4);
INSERT INTO "Users" VALUES('128754018536259585',8,0,3);
INSERT INTO "Users" VALUES('131998637940015104',5,0,2);
INSERT INTO "Users" VALUES('313786765125353473',5,0,4);
INSERT INTO "Users" VALUES('193912184697257984',2,0,2);
INSERT INTO "Users" VALUES('339028019505135616',0,0,0);
INSERT INTO "Users" VALUES('413174192343613440',5,0,3);
INSERT INTO "Users" VALUES('599761814947102720',2,0,0);
INSERT INTO "Users" VALUES('224234140176875521',3,0,0);
INSERT INTO "Users" VALUES('234676541135519744',2,0,0);
INSERT INTO "Users" VALUES('331927050879238144',4,0,2);
INSERT INTO "Users" VALUES('271280740703010827',1,0,0);
INSERT INTO "Users" VALUES('315634818886926338',1,0,0);
COMMIT;
